lambda_,mean_arribos_hora,se_arribos,n_arr,mean_desvios_mvd_hora,se_desvios,n_mvd,mean_congestion_hora,se_congestion,n_cong,prob_hubo_congestion_hora,se_prob_cong,n_prob,prob_congestion_por_detectado,se_cong_por_detect,n_cd,prob_mvd_por_detectado,se_mvd_por_detect,n_md,file
0.02,1.1284233333333333,0.000757039889398849,1800000,0.01919888888888889,0.00010507866640520005,1800000,0.11456055555555555,0.0002717375023042621,1800000,0.10056,0.0002241622507619574,1800000,0.09540061420139477,0.00019981381277835088,2161506.0,0.015987926936126943,8.531356067726758e-05,2161506.0,run_p=0.02_sim=100000.json
0.1,4.754916111111111,0.0012913691412503217,1800000,0.3150822222222222,0.0004618495198053875,1800000,2.4095594444444446,0.0013979716819691639,1800000,0.8520238888888889,0.00026465825096983636,1800000,0.401766967753649,0.0001492122045861678,10795330.0,0.052536420841234124,6.790371607806707e-05,10795330.0,run_p=0.1_sim=100000.json
0.2,7.753857222222222,0.001350125851520427,1800000,1.26387,0.0009389444935030411,1800000,7.755342222222223,0.002456783849007286,1800000,0.9973866666666666,3.8053353058730034e-05,1800000,0.6462685851310063,0.0001028757762462414,21600332.0,0.10532088117904854,6.604815333151649e-05,21600332.0,run_p=0.2_sim=100000.json
0.5,12.054028888888888,0.0011665219529150412,1800000,10.214231666666667,0.0027669930312104536,1800000,27.96984611111111,0.0033514949932969564,1800000,1.0,0.0,1800000,0.932382575420926,3.416977903500599e-05,53996851.0,0.3404942447477169,6.448815708936358e-05,53996851.0,run_p=0.5_sim=100000.json
1.0,20.166666666666668,0.002524571316270299,1800000,34.55555555555556,0.004951757655903591,1800000,59.72222222222222,0.0009559935617864194,1800000,1.0,0.0,1800000,0.9953703703703703,6.532111676543375e-06,108000000.0,0.575925925925926,4.755457427975376e-05,108000000.0,run_p=1_sim=100000.json
