lambda_,prob_hubo_congestion_hora,se_prob_cong,n_prob,prob_congestion_por_detectado,se_cong_por_detect,n_cd,prob_mvd_por_detectado,se_mvd_por_detect,n_md,atraso_promedio_por_avion,se_atraso_por_avion,file
0.02,0.10023555555555555,0.000316558558665647,900000,0.0952617871626035,0.0002825813553880523,1079331.0,0.015958033263197294,0.00012061995656284829,1079331.0,0.011328761324210228,8.13425463776297e-05,run_p=0.02_sim=50000.json
0.1,0.8521133333333333,0.00037418979214191546,900000,0.4019729960584148,0.000210977949417813,5400619.0,0.052534533541432935,9.600246074253525e-05,5400619.0,0.058248907671624765,8.615328976067394e-05,run_p=0.1_sim=50000.json
0.2,0.9973588888888889,5.410006821940513e-05,900000,0.6463261083130704,0.00014549733723955054,10798032.0,0.10513563953135163,9.334289822630437e-05,10798032.0,0.11228631907114606,8.987246824041488e-05,run_p=0.2_sim=50000.json
0.5,1.0,0.0,900000,0.9323585417411794,4.83370582491058e-05,26992026.0,0.34036222401386246,9.120227967027469e-05,26992026.0,0.2702761783178307,9.577233979532408e-05,run_p=0.5_sim=50000.json
1.0,1.0,0.0,900000,0.9953703703703703,9.237800923903298e-06,54000000.0,0.575925925925926,6.725232389930653e-05,54000000.0,0.5939393939393953,4.965117957922383e-19,run_p=1_sim=50000.json
