lambda_,mean_arribos_hora,se_arribos,n_arr,mean_desvios_mvd_hora,se_desvios,n_mvd,mean_congestion_hora,se_congestion,n_cong,prob_hubo_congestion_hora,se_prob_cong,n_prob,prob_congestion_por_detectado,se_cong_por_detect,n_cd,prob_mvd_por_detectado,se_mvd_por_detect,n_md,file
0.02,0.01880705555555556,1.2617331489980821e-05,1800000,0.0003199814814814816,1.751311106753334e-06,1800000,0.001909342592592593,4.528958371737701e-06,1800000,0.10056,0.0002241622507619574,1800000,0.09540061420139477,0.00019981381277835088,2161506.0,0.015987926936126943,8.531356067726758e-05,2161506.0,run_p=0.02_sim=100000.json
0.1,0.07924860185185185,2.1522819020838693e-05,1800000,0.0052513703703703715,7.697491996756455e-06,1800000,0.04015932407407405,2.3299528032819395e-05,1800000,0.8520238888888889,0.00026465825096983636,1800000,0.401766967753649,0.0001492122045861678,10795330.0,0.052536420841234124,6.790371607806707e-05,10795330.0,run_p=0.1_sim=100000.json
0.2,0.1292309537037037,2.250209752534045e-05,1800000,0.02106449999999999,1.564907489171736e-05,1800000,0.1292557037037037,4.094639748345475e-05,1800000,0.9973866666666666,3.8053353058730034e-05,1800000,0.6462685851310063,0.0001028757762462414,21600332.0,0.10532088117904854,6.604815333151649e-05,21600332.0,run_p=0.2_sim=100000.json
0.5,0.20090048148148137,1.9442032548584024e-05,1800000,0.17023719444444452,4.6116550520174224e-05,1800000,0.46616410185185175,5.585824988828261e-05,1800000,1.0,0.0,1800000,0.932382575420926,3.416977903500599e-05,53996851.0,0.3404942447477169,6.448815708936358e-05,53996851.0,run_p=0.5_sim=100000.json
1.0,0.33611111111111086,4.2076188604505015e-05,1800000,0.575925925925926,8.252929426505985e-05,1800000,0.9953703703703708,1.5933226029773655e-05,1800000,1.0,0.0,1800000,0.9953703703703703,6.532111676543375e-06,108000000.0,0.575925925925926,4.755457427975376e-05,108000000.0,run_p=1_sim=100000.json
